
--Insercion de datos
--Paises

INSERT INTO Paises (nombre) VALUES ('Colombia');
INSERT INTO Paises (nombre) VALUES ('España');
INSERT INTO Paises (nombre) VALUES ('Argentina');
INSERT INTO Paises (nombre) VALUES ('Estados Unidos');
INSERT INTO Paises (nombre) VALUES ('Francia');
INSERT INTO Paises (nombre) VALUES ('Brasil');
INSERT INTO Paises (nombre) VALUES ('Italia');
INSERT INTO Paises (nombre) VALUES ('Reino Unido');
INSERT INTO Paises (nombre) VALUES ('Alemania');
INSERT INTO Paises (nombre) VALUES ('Australia');
INSERT INTO Paises (nombre) VALUES ('Serbia');
INSERT INTO Paises (nombre) VALUES ('Noruega');
INSERT INTO Paises (nombre) VALUES ('Polonia');
INSERT INTO Paises (nombre) VALUES ('República Checa');
INSERT INTO Paises (nombre) VALUES ('Rusia');
INSERT INTO Paises (nombre) VALUES ('kazajistán');
INSERT INTO Paises (nombre) VALUES ('Grecia');
INSERT INTO Paises (nombre) VALUES ('China');
INSERT INTO Paises (nombre) VALUES ('Túnez');
INSERT INTO Paises (nombre) VALUES ('Bulgaria');
INSERT INTO Paises (nombre) VALUES ('Letonia');
INSERT INTO Paises (nombre) VALUES ('Dinamarca');
INSERT INTO Paises (nombre) VALUES ('Ucrania');
INSERT INTO Paises (nombre) VALUES ('Chile');
INSERT INTO Paises (nombre) VALUES ('Canada');
INSERT INTO Paises (nombre) VALUES ('Paises bajos');
INSERT INTO Paises (nombre) VALUES ('Bélgica');
INSERT INTO Paises (nombre) VALUES ('Rumania');
INSERT INTO Paises (nombre) VALUES ('Croacia');
INSERT INTO Paises (nombre) VALUES ('Hungría');
INSERT INTO Paises (nombre) VALUES ('Portugal');
INSERT INTO Paises (nombre) VALUES ('Austria');
INSERT INTO Paises (nombre) VALUES ('Suiza');
INSERT INTO Paises (nombre) VALUES ('Nigeria');
INSERT INTO Paises (nombre) VALUES ('Taiwán');
INSERT INTO Paises (nombre) VALUES ('Vietnam');
INSERT INTO Paises (nombre) VALUES ('Japón');
INSERT INTO Paises (nombre) VALUES ('India');
INSERT INTO Paises (nombre) VALUES ('Nueva Zelanda');
INSERT INTO Paises (nombre) VALUES ('Corea del sur');
INSERT INTO Paises (nombre) VALUES ('Belarrusia');


--Personas
INSERT INTO Personas (nombre, apellidos, fecha_de_nacimiento, pais_nacimiento) VALUES ('Rafael', 'Nadal Parera', '1986-06-03', 2);
INSERT INTO Personas (nombre, apellidos, fecha_de_nacimiento, pais_nacimiento) VALUES ('Novak', 'Djokovic', '1987-05-22', 11);
INSERT INTO Personas (nombre, apellidos, fecha_de_nacimiento, pais_nacimiento) VALUES ('Jannik', 'Sinner', '2001-08-16', 7);
INSERT INTO Personas (nombre, apellidos, fecha_de_nacimiento, pais_nacimiento) VALUES ('Carlos', 'Alcaraz', '2003-05-05', 2);
INSERT INTO Personas (nombre, apellidos, fecha_de_nacimiento, pais_nacimiento) VALUES ('Alexander', 'Zverev', '1997-04-20', 9);
INSERT INTO Personas (nombre, apellidos, fecha_de_nacimiento, pais_nacimiento) VALUES ('Daniil', 'Medvedev', '1996-02-11', 15);
INSERT INTO Personas (nombre, apellidos, fecha_de_nacimiento, pais_nacimiento) VALUES ('Andrey', 'Rublev', '1997-10-20', 15);
INSERT INTO Personas (nombre, apellidos, fecha_de_nacimiento, pais_nacimiento) VALUES ('Casper', 'Ruud', '1998-12-22', 12);
INSERT INTO Personas (nombre, apellidos, fecha_de_nacimiento, pais_nacimiento) VALUES ('Hubert', 'Hurkacz', '1997-02-11', 13);
INSERT INTO Personas (nombre, apellidos, fecha_de_nacimiento, pais_nacimiento) VALUES ('Iga', 'Świątek', '2001-05-31', 13);
INSERT INTO Personas (nombre, apellidos, fecha_de_nacimiento, pais_nacimiento) VALUES ('Aryna', 'Sabalenka', '1998-05-05', 15);
INSERT INTO Personas (nombre, apellidos, fecha_de_nacimiento, pais_nacimiento) VALUES ('Coco', 'Gauff', '2004-03-13', 4);
INSERT INTO Personas (nombre, apellidos, fecha_de_nacimiento, pais_nacimiento) VALUES ('Elena', 'Rybákina', '1999-06-17', 16);
INSERT INTO Personas (nombre, apellidos, fecha_de_nacimiento, pais_nacimiento) VALUES ('Markéta', 'Vondroušová', '1999-06-28', 14);
INSERT INTO Personas (nombre, apellidos, fecha_de_nacimiento, pais_nacimiento) VALUES ('Maria', 'Sakkari', '1995-07-25', 17);
INSERT INTO Personas (nombre, apellidos, fecha_de_nacimiento, pais_nacimiento) VALUES ('Qinwen', 'Zheng', '2002-10-08', 18);
INSERT INTO Personas (nombre, apellidos, fecha_de_nacimiento, pais_nacimiento) VALUES ('Ons', 'Jabeur', '1994-08-28', 19);
INSERT INTO Personas (nombre, apellidos, fecha_de_nacimiento, pais_nacimiento) VALUES ('Danielle', 'Collins', '1993-12-13', 3);
INSERT INTO Personas (nombre, apellidos, fecha_de_nacimiento, pais_nacimiento) VALUES ('Jelena', 'Ostapenko', '1997-06-08', 21);
INSERT INTO Personas (nombre, apellidos, fecha_de_nacimiento, pais_nacimiento) VALUES ('Stefanos', 'Tsitsipas', '1998-08-12', 17),
    																				('Grigor', 'Dimitrov', '1991-05-16', 20),
    																				('Alex', 'de Minaur', '1999-02-17', 10),
   																				 	('Taylor', 'Fritz', '1997-10-28', 4),
    																				('Holger', 'Rune', '2003-04-29', 5);
INSERT INTO Personas (nombre, apellidos, fecha_de_nacimiento, pais_nacimiento) VALUES ('Tommy', 'Paul', '1997-05-17', 4),
																						('Ben', 'Shelton', '1995-09-22', 4),
																						('Ugo', 'Humbert', '1998-06-26', 5),
																						('Alexander', 'Bublik', '1997-06-17', 16),
																						('Karen', 'Khachanov', '1996-05-21', 15);
INSERT INTO Personas (nombre, apellidos, fecha_de_nacimiento, pais_nacimiento) VALUES ('Daniel', 'Elahi Galan', '1996-06-18', 1),
																						('Nicolas', 'Barrientos', '1987-04-24', 1),
																						('Cristian', 'Rodriguez', '1990-06-24', 1),
																						('Miguel', 'Tobon', '1968-06-22', 1),
																						('Camila', 'Osorio', '2001-12-22', 1),
																						('Emiliana', 'Arango', '2000-11-28', 1);
																						



INSERT INTO Personas (nombre, apellidos, fecha_de_nacimiento, pais_nacimiento) VALUES ('Ana María', 'López García', '1990-05-14', 1);
INSERT INTO Personas (nombre, apellidos, fecha_de_nacimiento, pais_nacimiento) VALUES ('Juan Carlos', 'Rodríguez Pérez', '1988-07-23', 2);
INSERT INTO Personas (nombre, apellidos, fecha_de_nacimiento, pais_nacimiento) VALUES ('María', 'Fernández Martínez', '1992-11-10', 3);
INSERT INTO Personas (nombre, apellidos, fecha_de_nacimiento, pais_nacimiento) VALUES ('Luis', 'González Sánchez', '1995-03-19', 4);
INSERT INTO Personas (nombre, apellidos, fecha_de_nacimiento, pais_nacimiento) VALUES ('Laura', 'Pérez Hernández', '1985-08-05', 5);
INSERT INTO Personas (nombre, apellidos, fecha_de_nacimiento, pais_nacimiento) VALUES ('Isabella', 'Torres Ramírez', '1993-02-15', 6);
INSERT INTO Personas (nombre, apellidos, fecha_de_nacimiento, pais_nacimiento) VALUES ('Diego', 'López García', '1987-09-30', 7);
INSERT INTO Personas (nombre, apellidos, fecha_de_nacimiento, pais_nacimiento) VALUES ('Valentina', 'Rodríguez Pérez', '1991-12-12', 8);
INSERT INTO Personas (nombre, apellidos, fecha_de_nacimiento, pais_nacimiento) VALUES ('Andrés', 'Martínez Sánchez', '1989-06-27', 9);
INSERT INTO Personas (nombre, apellidos, fecha_de_nacimiento, pais_nacimiento) VALUES ('Camila', 'González Fernández', '1994-04-22', 10);
INSERT INTO Personas (nombre, apellidos, fecha_de_nacimiento, pais_nacimiento) VALUES ('Juan', 'Pérez Gómez', '1990-05-10', 1);
INSERT INTO Personas (nombre, apellidos, fecha_de_nacimiento, pais_nacimiento) VALUES ('María', 'Rodríguez López', '1985-12-20', 2);
INSERT INTO Personas (nombre, apellidos, fecha_de_nacimiento, pais_nacimiento) VALUES ('Carlos', 'Silva Fernández', '1998-08-05', 3);
INSERT INTO Personas (nombre, apellidos, fecha_de_nacimiento, pais_nacimiento) VALUES ('Laura', 'García Martínez', '1993-06-25', 4);
INSERT INTO Personas (nombre, apellidos, fecha_de_nacimiento, pais_nacimiento) VALUES ('André', 'Dupont', '1980-02-12', 5);
INSERT INTO Personas (nombre, apellidos, fecha_de_nacimiento, pais_nacimiento) VALUES ('Sofia', 'Oliveira', '1995-11-08', 6);
INSERT INTO Personas (nombre, apellidos, fecha_de_nacimiento, pais_nacimiento) VALUES ('Alessandro', 'Rossi', '1982-07-18', 7);
INSERT INTO Personas (nombre, apellidos, fecha_de_nacimiento, pais_nacimiento) VALUES ('Emily', 'Johnson', '1991-04-05', 8);
INSERT INTO Personas (nombre, apellidos, fecha_de_nacimiento, pais_nacimiento) VALUES ('Dimitri', 'Petrov', '1987-11-30', 9);
INSERT INTO Personas (nombre, apellidos, fecha_de_nacimiento, pais_nacimiento) VALUES ('Ana', 'Fernández López', '1996-09-12', 2);
INSERT INTO Personas (nombre, apellidos, fecha_de_nacimiento, pais_nacimiento) VALUES ('Giorgio', 'Bianchi', '1984-03-28', 7);
INSERT INTO Personas (nombre, apellidos, fecha_de_nacimiento, pais_nacimiento) VALUES ('Emily', 'Smith', '1992-11-15', 4);
INSERT INTO Personas (nombre, apellidos, fecha_de_nacimiento, pais_nacimiento) VALUES ('Rafael', 'Santos', '1986-07-02', 6);
INSERT INTO Personas (nombre, apellidos, fecha_de_nacimiento, pais_nacimiento) VALUES ('Elena', 'Kovalenko', '1994-09-10', 9);
INSERT INTO Personas (nombre, apellidos, fecha_de_nacimiento, pais_nacimiento) VALUES ('Thomas', 'Müller', '1988-05-20', 22);
INSERT INTO Personas (nombre, apellidos, fecha_de_nacimiento, pais_nacimiento) VALUES ('Carlos', 'González', '1987-09-12', 2),
																						('Ana', 'Silva', '1995-04-25', 26), 
																						('Andrés', 'Petrov', '1993-11-08', 14), 
																						('Laura', 'Kim', '1990-06-30', 23),
																						('Diego', 'López', '1988-03-18', 21); 
INSERT INTO Personas (nombre, apellidos, fecha_de_nacimiento, pais_nacimiento) VALUES ('Juan', 'Pérez', '1990-05-15', 1), 
																						('María', 'García', '1985-08-20', 2), 
																						('Luis', 'Rodríguez', '1998-03-10', 3); 
																						
INSERT INTO Personas (nombre, apellidos, fecha_de_nacimiento, pais_nacimiento) VALUES ('Andrés', 'López', '1993-12-03', 10), 
																						('Elena', 'Kowalski', '1989-07-28', 11), 
																						('Piotr', 'Nowak', '1996-05-10', 12), 
																						('Petra', 'Nováková', '1994-09-15', 13), 
																						('Ivan', 'Ivanov', '1991-02-20', 14), 
																						('Amina', 'Abdullah', '1997-11-08', 15), 
																						('Maria', 'Papadopoulos', '1990-04-12', 16), 
																						('Wei', 'Li', '1998-06-05', 17), 
																						('Amira', 'Ben Ali', '1992-03-22', 19), 
																						('Viktor', 'Dimitrov', '1995-01-17', 20); 
INSERT INTO Personas (nombre, apellidos, fecha_de_nacimiento, pais_nacimiento) VALUES ('Ana', 'Rodríguez', '1990-06-18', 1), 
																						('Luis', 'Martínez', '1988-09-05', 2), 
																						('Isabel', 'Fernández', '1993-03-22', 3), 
																						('David', 'Johnson', '1995-11-12', 4), 
																						('Sophia', 'Lefèvre', '1997-04-30', 5), 
																						('Ricardo', 'Silveira', '1991-07-08', 6), 
																						('Giulia', 'Conti', '1994-02-14', 7), 
																						('James', 'Smith', '1989-10-20', 8), 
																						('Hannah', 'Müller', '1996-01-25', 9), 
																						('Chen', 'Wang', '1992-08-03', 18);
INSERT INTO Personas (nombre, apellidos, fecha_de_nacimiento, pais_nacimiento) VALUES ('Egor', 'Gerasimov', '1992-11-11', 41);
INSERT INTO Personas (nombre, apellidos, fecha_de_nacimiento, pais_nacimiento) VALUES ('Mackenzie', 'Mcdonald', '1995-04-16', 4);
INSERT INTO Personas (nombre, apellidos, fecha_de_nacimiento, pais_nacimiento) VALUES ('Stefano', 'Travaglia', '1991-12-28', 7);
INSERT INTO Personas (nombre, apellidos, fecha_de_nacimiento, pais_nacimiento) VALUES ('Sebastian', 'Korda', '2000-07-05', 4);
INSERT INTO Personas (nombre, apellidos, fecha_de_nacimiento, pais_nacimiento) VALUES ('Diego', 'Schwartzman', '1992-08-16', 3);
INSERT INTO Personas (nombre, apellidos, fecha_de_nacimiento, pais_nacimiento) VALUES ('Zafiro', 'Diamante', '1995-04-10', 1),
																						('Nebulosa', 'Estelar', '1988-09-18', 2),
																						('Dragón', 'Fénix', '1992-02-25', 3),
																						('Luna', 'Esmeralda', '1997-07-05', 1),
																						('Orquídea', 'Mariposa', '1990-11-30', 4);

--Sexos
INSERT INTO Sexos (tipo) VALUES ('Masculino');
INSERT INTO Sexos (tipo) VALUES ('Femenino');

--Mano Dominante
INSERT INTO ManoDominante (tipo) VALUES ('Diestro');
INSERT INTO ManoDominante (tipo) VALUES ('Zurdo');
INSERT INTO ManoDominante (tipo) VALUES ('Ambidiestro');

--Jugadores
INSERT INTO Jugadores (idPersona, ranking, altura, peso, partidos_ganados, partidos_perdidos, ganancias, idSexo, id_mano_dominante) VALUES (1, 275, 1.85, 85, 1075, 224, 134808161, 1, 2);
INSERT INTO Jugadores (idPersona, ranking, altura, peso, partidos_ganados, partidos_perdidos, ganancias, idSexo, id_mano_dominante) VALUES (2, 1, 1.88, 77, 1101, 219, 182043906, 1, 1);
INSERT INTO Jugadores (idPersona, ranking, altura, peso, partidos_ganados, partidos_perdidos, ganancias, idSexo, id_mano_dominante) VALUES (3, 2, 1.93, 76, 218, 76, 21499280, 1, 1);
INSERT INTO Jugadores (idPersona, ranking, altura, peso, partidos_ganados, partidos_perdidos, ganancias, idSexo, id_mano_dominante) VALUES (4, 3, 1.83, 74, 173, 48, 28934769, 1, 1);
INSERT INTO Jugadores (idPersona, ranking, altura, peso, partidos_ganados, partidos_perdidos, ganancias, idSexo, id_mano_dominante) VALUES (5, 4, 1.98, 90, 422, 186, 41877114, 1, 1); 
INSERT INTO Jugadores (idPersona, ranking, altura, peso, partidos_ganados, partidos_perdidos, ganancias, idSexo, id_mano_dominante) VALUES (6, 5, 1.98, 83, 357, 143, 40740116, 1, 1);
INSERT INTO Jugadores (idPersona, ranking, altura, peso, partidos_ganados, partidos_perdidos, ganancias, idSexo, id_mano_dominante) VALUES (7, 6, 1.88, 75, 314, 167, 23596560, 1, 1);
INSERT INTO Jugadores (idPersona, ranking, altura, peso, partidos_ganados, partidos_perdidos, ganancias, idSexo, id_mano_dominante) VALUES (8, 7, 1.83, 81, 242, 124, 18984815, 1, 1);
INSERT INTO Jugadores (idPersona, ranking, altura, peso, partidos_ganados, partidos_perdidos, ganancias, idSexo, id_mano_dominante) VALUES (9, 8, 1.96, 81, 196, 134, 15187648, 1, 1);
INSERT INTO Jugadores (idPersona, ranking, altura, peso, partidos_ganados, partidos_perdidos, ganancias, idSexo, id_mano_dominante) VALUES (10, 1, 1.75, 60, 319, 70, 28876512, 2, 1);
INSERT INTO Jugadores (idPersona, ranking, altura, peso, partidos_ganados, partidos_perdidos, ganancias, idSexo, id_mano_dominante) VALUES (11, 2, 1.82, 70, 385, 181, 23677394, 2, 1);
INSERT INTO Jugadores (idPersona, ranking, altura, peso, partidos_ganados, partidos_perdidos, ganancias, idSexo, id_mano_dominante) VALUES (12, 3, 1.75, 65, 200, 90, 13863007, 2, 1);
INSERT INTO Jugadores (idPersona, ranking, altura, peso, partidos_ganados, partidos_perdidos, ganancias, idSexo, id_mano_dominante) VALUES (13, 4, 1.80, 68, 319, 137, 13734000, 2, 1);
INSERT INTO Jugadores (idPersona, ranking, altura, peso, partidos_ganados, partidos_perdidos, ganancias, idSexo, id_mano_dominante) VALUES (14, 6, 1.72, 62, 271, 118, 9948968, 2, 2);
INSERT INTO Jugadores (idPersona, ranking, altura, peso, partidos_ganados, partidos_perdidos, ganancias, idSexo, id_mano_dominante) VALUES (15, 7, 1.72, 62, 462, 297, 12153541, 2, 1);
INSERT INTO Jugadores (idPersona, ranking, altura, peso, partidos_ganados, partidos_perdidos, ganancias, idSexo, id_mano_dominante) VALUES (16, 8, 1.78, 70, 191, 85, 4398266, 2, 1);
INSERT INTO Jugadores (idPersona, ranking, altura, peso, partidos_ganados, partidos_perdidos, ganancias, idSexo, id_mano_dominante) VALUES (17, 9, 1.67, 67, 435, 241, 12824512, 2, 1);
INSERT INTO Jugadores (idPersona, ranking, altura, peso, partidos_ganados, partidos_perdidos, ganancias, idSexo, id_mano_dominante) VALUES (18, 10, 1.78, 76, 261, 149, 8591346, 2, 1);
INSERT INTO Jugadores (idPersona, ranking, altura, peso, partidos_ganados, partidos_perdidos, ganancias, idSexo, id_mano_dominante) VALUES (19, 11, 1.77, 76, 364, 218, 15056142, 2, 1);
INSERT INTO Jugadores (idPersona, ranking, altura, peso, partidos_ganados, partidos_perdidos, ganancias, idSexo, id_mano_dominante) VALUES (20, 9, 1.93, 90, 1324, 162, 30868143, 1, 1),
																																			(21, 10, 1.91, 81, 437, 281, 26501965, 1, 1),
																																			(22, 11, 1.83, 69, 227, 144, 13052042, 1, 1),
																																			(23, 12, 1.96, 86, 253, 177, 15598690, 1, 1),
																																			(24, 13, 1.88, 77, 113, 73, 8863941, 1, 1);
INSERT INTO Jugadores (idPersona, ranking, altura, peso, partidos_ganados, partidos_perdidos, ganancias, idSexo, id_mano_dominante) VALUES (25, 14, 1.85, 82, 150, 114, 7769954, 1, 1),
																																			(26, 15, 1.93, 88, 46, 37, 3599465, 1, 2),
																																			(27, 16, 1.88, 73, 123, 110, 6357605, 1, 2),
																																			(28, 17, 1.96, 82, 145, 136, 6868856, 1, 1),
																																			(29, 18, 1.98, 87, 263, 188, 16296982, 1, 1);
INSERT INTO Jugadores (idPersona, ranking, altura, peso, partidos_ganados, partidos_perdidos, ganancias, idSexo, id_mano_dominante) VALUES (30, 106, 1.91, 72, 49, 68, 2622817, 1, 1),	
																																			(31, NULL, 1.75, 75, 1, 5, 594831, 1, 1),
																																			(32, NULL, 1.80, 78, 1, 0, 274665, 1, 1),
																																			(33, NULL, 1.85, 76, 18, 20, 125127, 1, 1),
																																			(34, 77, 1.70, 70, 182, 107, 1873740, 2, 1),
																																			(35, 114, 1.65, 62, 195, 139, 459078, 2, 1);
																																			
INSERT INTO Jugadores (idPersona, ranking, altura, peso, partidos_ganados, partidos_perdidos, ganancias, idSexo, id_mano_dominante) VALUES (89, 268, 1.96, 86, 63, 59, 2042845, 1, 1);
INSERT INTO Jugadores (idPersona, ranking, altura, peso, partidos_ganados, partidos_perdidos, ganancias, idSexo, id_mano_dominante) VALUES (90, 74, 1.78, 73, 100, 117, 5487215, 1, 1);		
INSERT INTO Jugadores (idPersona, ranking, altura, peso, partidos_ganados, partidos_perdidos, ganancias, idSexo, id_mano_dominante) VALUES (91, 202, 1.85, 80, 30, 56, 2372053, 1, 1);		
INSERT INTO Jugadores (idPersona, ranking, altura, peso, partidos_ganados, partidos_perdidos, ganancias, idSexo, id_mano_dominante) VALUES (92, 28, 1.96, 82, 107, 72, 5273063, 1, 1);		
INSERT INTO Jugadores (idPersona, ranking, altura, peso, partidos_ganados, partidos_perdidos, ganancias, idSexo, id_mano_dominante) VALUES (93, 141, 1.70, 64, 250, 224, 14060045, 1, 1);		
INSERT INTO Jugadores (idPersona, ranking, altura, peso, partidos_ganados, partidos_perdidos, ganancias, idSexo, id_mano_dominante) VALUES (94, 24, 185.5, 80.2, 150, 50, 1000000, 1, 3),
																																			(95, 20, 190.0, 85.0, 120, 80, 800000, 1, 3),
																																			(96, 15, 178.0, 70.5, 140, 60, 900000, 2, 3),
																																			(97, 30, 195.0, 88.7, 110, 70, 750000, 1, 3),
																																			(98, 25, 182.5, 75.8, 130, 65, 850000, 2, 3);
																																		

--Estados
INSERT INTO Estados (tipo) VALUES ('Activo');
INSERT INTO Estados (tipo) VALUES ('Retirado');

--Estados de jugadores
INSERT INTO EstadosDeJugadores (idJugador, idEstado, añoInicio, añoFin) VALUES (1, 1, 2001,NULL),
																				(2, 1, 2003,NULL),
																				(3, 1, 2018,NULL),
																				(4, 1, 2018,NULL),
																				(5, 1, 2013,NULL),
																				(6, 1, 2014,NULL),
																				(7, 1, 2014,NULL),
																				(8, 1, 2015,NULL),
																				(9, 1, 2015,NULL),
																				(10, 1, 2016,NULL),
																				(11, 1, 2015,NULL),
																				(12, 1, 2018,NULL),
																				(13, 1, 2014,NULL),
																				(14, 1, 2015,NULL),
																				(15, 1, 2015,NULL),
																				(16, 1, 2020,NULL),
																				(17, 1, 2010,NULL),
																				(18, 1, 2016,NULL),
																				(19, 1, 2012,NULL),
																				(20, 1, 2016,NULL),
																				(21, 1, 2008,NULL),
																				(22, 1, 2015,NULL),
																				(23, 1, 2015,NULL),
																				(24, 1, 2020,NULL),
																				(25, 1, 2015,NULL),
																				(26, 1, 2022,NULL),
																				(27, 1, 2016,NULL),
																				(28, 1, 2016,NULL),
																				(29, 1, 2013,NULL),
																				(30, 1, 2015,NULL),
																				(31, 1, 2009,NULL),
																				(32, 1, 2008,NULL),
																				(33, 2, 1989,2001),
																				(34, 1, 2021,NULL),
																				(35, 1, 2016,NULL);																			
INSERT INTO EstadosDeJugadores (idJugador, idEstado, añoInicio, añoFin) VALUES (89, 1, 2010,NULL);
INSERT INTO EstadosDeJugadores (idJugador, idEstado, añoInicio, añoFin) VALUES (90, 1, 2016,NULL);
INSERT INTO EstadosDeJugadores (idJugador, idEstado, añoInicio, añoFin) VALUES (91, 1, 2008,NULL);
INSERT INTO EstadosDeJugadores (idJugador, idEstado, añoInicio, añoFin) VALUES (92, 1, 2018,NULL);
INSERT INTO EstadosDeJugadores (idJugador, idEstado, añoInicio, añoFin) VALUES (93, 1, 2010,NULL);
INSERT INTO EstadosDeJugadores (idJugador, idEstado, añoInicio, añoFin) VALUES (94, 1, 2008,NULL),
																				(95, 1, 2007,NULL),
																				(96, 1, 2003,NULL),
																				(97, 1, 2019,NULL),
																				(98, 1, 2010,NULL);

--Medicos
INSERT INTO Medicos (idPersona) VALUES (36),
										(37),
										(38),
										(39),
										(40);




--especialidades
INSERT INTO Especialidades (descripción) VALUES ('Ortopedia');
INSERT INTO Especialidades (descripción) VALUES ('Cardiología');
INSERT INTO Especialidades (descripción) VALUES ('Fisioterapia');
INSERT INTO Especialidades (descripción) VALUES ('Nutrición');
INSERT INTO Especialidades (descripción) VALUES ('Psicología');
INSERT INTO Especialidades (descripción) VALUES ('Medicina Deportiva');
INSERT INTO Especialidades (descripción) VALUES ('Rehabilitación');
INSERT INTO Especialidades (descripción) VALUES ('Traumatología');
INSERT INTO Especialidades (descripción) VALUES ('Medicina General');
INSERT INTO Especialidades (descripción) VALUES ('Neumología');

--EspecialidadesMedicos
INSERT INTO EspecialidadesMedicos (idMedico, idEspecialidad) VALUES (36, 1);
INSERT INTO EspecialidadesMedicos (idMedico, idEspecialidad) VALUES (37, 2);
INSERT INTO EspecialidadesMedicos (idMedico, idEspecialidad) VALUES (38, 3);
INSERT INTO EspecialidadesMedicos (idMedico, idEspecialidad) VALUES (39, 4);
INSERT INTO EspecialidadesMedicos (idMedico, idEspecialidad) VALUES (40, 5);



--Arbitros
INSERT INTO Arbitros (idPersona, año_inicio) VALUES (41, 2010);
INSERT INTO Arbitros (idPersona, año_inicio) VALUES (42, 2012);
INSERT INTO Arbitros (idPersona, año_inicio) VALUES (43, 2014);
INSERT INTO Arbitros (idPersona, año_inicio) VALUES (44, 2005);
INSERT INTO Arbitros (idPersona, año_inicio) VALUES (45, 2009);
INSERT INTO Arbitros (idPersona, año_inicio) VALUES (46, 2010);
INSERT INTO Arbitros (idPersona, año_inicio) VALUES (47, 2013);
INSERT INTO Arbitros (idPersona, año_inicio) VALUES (48, 2006);
INSERT INTO Arbitros (idPersona, año_inicio) VALUES (49, 2007);
INSERT INTO Arbitros (idPersona, año_inicio) VALUES (50, 2008);

--Etapas
INSERT INTO Etapas (tipo, premio) VALUES ('Fase de clasificación ronda 1', 16000);
INSERT INTO Etapas (tipo, premio) VALUES ('Fase de clasificación ronda 2', 22000);
INSERT INTO Etapas (tipo, premio) VALUES ('Fase de clasificación ronda 3', 34000);
INSERT INTO Etapas (tipo, premio) VALUES ('Primera ronda', 69000);
INSERT INTO Etapas (tipo, premio) VALUES ('Segunda ronda', 97000);
INSERT INTO Etapas (tipo, premio) VALUES ('Tercera ronda', 142000);
INSERT INTO Etapas (tipo, premio) VALUES ('Octavos de final', 240000);
INSERT INTO Etapas (tipo, premio) VALUES ('Cuartos de final', 400000);
INSERT INTO Etapas (tipo, premio) VALUES ('Semifinalista', 630000);
INSERT INTO Etapas (tipo, premio) VALUES ('Finalista', 1150000);
INSERT INTO Etapas (tipo, premio) VALUES ('Campeón', 2300000);

--Estadios
INSERT INTO Estadios (nombre, direccion, cantidad_maxima_expectadores) VALUES ('Estadio Central', 'Calle Principal 123', 15000);
INSERT INTO Estadios (nombre, direccion, cantidad_maxima_expectadores) VALUES ('Estadio Secundario', 'Avenida Secundaria 456', 10000);
INSERT INTO Estadios (nombre, direccion, cantidad_maxima_expectadores) VALUES ('Estadio Norte', 'Boulevard Norte 789', 8000);
INSERT INTO Estadios (nombre, direccion, cantidad_maxima_expectadores) VALUES ('Estadio Sur', 'Plaza del Sur 101', 7000);
INSERT INTO Estadios (nombre, direccion, cantidad_maxima_expectadores) VALUES ('Estadio Este', 'Avenida del Este 202', 6000);
INSERT INTO Estadios (nombre, direccion, cantidad_maxima_expectadores) VALUES ('Estadio Oeste', 'Calle del Oeste 303', 5000);
INSERT INTO Estadios (nombre, direccion, cantidad_maxima_expectadores) VALUES ('Estadio Principal', 'Avenida Principal 404', 12000);
INSERT INTO Estadios (nombre, direccion, cantidad_maxima_expectadores) VALUES ('Estadio Olimpico', 'Avenida Olimpica 505', 20000);
INSERT INTO Estadios (nombre, direccion, cantidad_maxima_expectadores) VALUES ('Estadio Nacional', 'Avenida Nacional 606', 18000);
INSERT INTO Estadios (nombre, direccion, cantidad_maxima_expectadores) VALUES ('Estadio Regional', 'Calle Regional 707', 9000);

--EdicionesDelTorneo 
INSERT INTO EdicionesDelTorneo (año) VALUES (2019);
INSERT INTO EdicionesDelTorneo (año) VALUES (2020);
INSERT INTO EdicionesDelTorneo (año) VALUES (2021);
INSERT INTO EdicionesDelTorneo (año) VALUES (2022);
INSERT INTO EdicionesDelTorneo (año) VALUES (2018);
INSERT INTO EdicionesDelTorneo (año) VALUES (2024);
INSERT INTO EdicionesDelTorneo (año) VALUES (2012);
INSERT INTO EdicionesDelTorneo (año) VALUES (2015);
INSERT INTO EdicionesDelTorneo (año) VALUES (2017);
INSERT INTO EdicionesDelTorneo (año) VALUES (2016);
INSERT INTO EdicionesDelTorneo (año) VALUES (2023);

--partidos
INSERT INTO Partidos (fecha, idEtapa, idJugador1, idJugador2, idEstadio, idEdicionTorneo) VALUES ('2024-05-20 10:00:00', 1, 1, 2, 1,6);
INSERT INTO Partidos (fecha, idEtapa, idJugador1, idJugador2, idEstadio, idEdicionTorneo) VALUES ('2024-05-23 12:00:00', 1, 3, 4, 2, 6);
INSERT INTO Partidos (fecha, idEtapa, idJugador1, idJugador2, idEstadio, idEdicionTorneo) VALUES ('2024-05-29 14:00:00', 1, 5, 6, 3, 6);
INSERT INTO Partidos (fecha, idEtapa, idJugador1, idJugador2, idEstadio, idEdicionTorneo) VALUES ('2024-05-20 16:00:00', 2, 7, 8, 1, 6);
INSERT INTO Partidos (fecha, idEtapa, idJugador1, idJugador2, idEstadio, idEdicionTorneo) VALUES ('2024-05-22 18:00:00', 2, 9, 10, 5, 6);
INSERT INTO Partidos (fecha, idEtapa, idJugador1, idJugador2, idEstadio, idEdicionTorneo) VALUES ('2024-05-21 10:00:00', 5, 1, 3, 4, 6);
INSERT INTO Partidos (fecha, idEtapa, idJugador1, idJugador2, idEstadio, idEdicionTorneo) VALUES ('2024-05-21 12:00:00', 4, 2, 4, 4, 6);
INSERT INTO Partidos (fecha, idEtapa, idJugador1, idJugador2, idEstadio, idEdicionTorneo) VALUES ('2024-05-24 14:00:00', 3, 5, 7, 8, 6);
INSERT INTO Partidos (fecha, idEtapa, idJugador1, idJugador2, idEstadio, idEdicionTorneo) VALUES ('2024-05-25 16:00:00', 3, 6, 8, 9, 6);
INSERT INTO Partidos (fecha, idEtapa, idJugador1, idJugador2, idEstadio, idEdicionTorneo) VALUES ('2024-05-29 18:00:00', 5, 9, 4, 10, 6);
INSERT INTO Partidos (fecha, idEtapa, idJugador1, idJugador2, idEstadio, idEdicionTorneo) VALUES ('2020-09-28 10:00:00', 4, 89, 1, 10, 2);
INSERT INTO Partidos (fecha, idEtapa, idJugador1, idJugador2, idEstadio, idEdicionTorneo) VALUES ('2020-09-30 15:00:00', 5, 90, 1, 10, 2);
INSERT INTO Partidos (fecha, idEtapa, idJugador1, idJugador2, idEstadio, idEdicionTorneo) VALUES ('2020-10-02 09:00:00', 6, 91, 1, 8, 2);
INSERT INTO Partidos (fecha, idEtapa, idJugador1, idJugador2, idEstadio, idEdicionTorneo) VALUES ('2020-10-04 11:00:00', 7, 92, 1, 3, 2);
INSERT INTO Partidos (fecha, idEtapa, idJugador1, idJugador2, idEstadio, idEdicionTorneo) VALUES ('2020-10-06 18:00:00', 8, 3, 1, 9, 2);
INSERT INTO Partidos (fecha, idEtapa, idJugador1, idJugador2, idEstadio, idEdicionTorneo) VALUES ('2020-10-09 16:00:00', 9, 93, 1, 9, 2);
INSERT INTO Partidos (fecha, idEtapa, idJugador1, idJugador2, idEstadio, idEdicionTorneo) VALUES ('2020-10-11 10:00:00', 10, 2, 1, 7, 2);
INSERT INTO Partidos (fecha, idEtapa, idJugador1, idJugador2, idEstadio, idEdicionTorneo) VALUES ('2020-09-28 10:00:00', 4, 14, 10, 8, 2);
INSERT INTO Partidos (fecha, idEtapa, idJugador1, idJugador2, idEstadio, idEdicionTorneo) VALUES ('2020-09-30 10:00:00', 5, 35, 10, 9, 2);
INSERT INTO Partidos (fecha, idEtapa, idJugador1, idJugador2, idEstadio, idEdicionTorneo) VALUES ('2020-10-02 18:00:00', 6, 34, 10, 2, 2);
INSERT INTO Partidos (fecha, idEtapa, idJugador1, idJugador2, idEstadio, idEdicionTorneo) VALUES ('2020-10-10 10:00:00', 10, 19, 10, 2, 2);
INSERT INTO Partidos (fecha, idEtapa, idJugador1, idJugador2, idEstadio, idEdicionTorneo) VALUES ('2018-10-08 10:00:00', 9, 91, 95, 4, 5);
INSERT INTO Partidos (fecha, idEtapa, idJugador1, idJugador2, idEstadio, idEdicionTorneo) VALUES ('2015-10-09 09:00:00', 9, 98, 96, 7, 8);

--ResultadosPartidos
INSERT INTO ResultadosPartidos (idPartido, idJugadorGanador) VALUES (11,1);
INSERT INTO ResultadosPartidos (idPartido, idJugadorGanador) VALUES (12,1);
INSERT INTO ResultadosPartidos (idPartido, idJugadorGanador) VALUES (13,1);
INSERT INTO ResultadosPartidos (idPartido, idJugadorGanador) VALUES (14,1);
INSERT INTO ResultadosPartidos (idPartido, idJugadorGanador) VALUES (15,1);
INSERT INTO ResultadosPartidos (idPartido, idJugadorGanador) VALUES (16,1);
INSERT INTO ResultadosPartidos (idPartido, idJugadorGanador) VALUES (17,1);
INSERT INTO ResultadosPartidos (idPartido, idJugadorGanador) VALUES (18,10);
INSERT INTO ResultadosPartidos (idPartido, idJugadorGanador) VALUES (19,10);
INSERT INTO ResultadosPartidos (idPartido, idJugadorGanador) VALUES (20,10);
INSERT INTO ResultadosPartidos (idPartido, idJugadorGanador) VALUES (21,10);
INSERT INTO ResultadosPartidos (idPartido, idJugadorGanador) VALUES (22,95);
INSERT INTO ResultadosPartidos (idPartido, idJugadorGanador) VALUES (23,96);

--ArbitrosEnPartidos
INSERT INTO ArbitrosEnPartidos (idArbitro, idPartido) VALUES (41, 1);
INSERT INTO ArbitrosEnPartidos (idArbitro, idPartido) VALUES (42, 2);
INSERT INTO ArbitrosEnPartidos (idArbitro, idPartido) VALUES (43, 3);
INSERT INTO ArbitrosEnPartidos (idArbitro, idPartido) VALUES (41, 4);
INSERT INTO ArbitrosEnPartidos (idArbitro, idPartido) VALUES (45, 5);
INSERT INTO ArbitrosEnPartidos (idArbitro, idPartido) VALUES (41, 6);
INSERT INTO ArbitrosEnPartidos (idArbitro, idPartido) VALUES (47, 7);
INSERT INTO ArbitrosEnPartidos (idArbitro, idPartido) VALUES (48, 8);
INSERT INTO ArbitrosEnPartidos (idArbitro, idPartido) VALUES (48, 9);
INSERT INTO ArbitrosEnPartidos (idArbitro, idPartido) VALUES (50, 10);
INSERT INTO ArbitrosEnPartidos (idArbitro, idPartido) VALUES (44, 11);
INSERT INTO ArbitrosEnPartidos (idArbitro, idPartido) VALUES (47, 12);
INSERT INTO ArbitrosEnPartidos (idArbitro, idPartido) VALUES (45, 13);
INSERT INTO ArbitrosEnPartidos (idArbitro, idPartido) VALUES (42, 14);
INSERT INTO ArbitrosEnPartidos (idArbitro, idPartido) VALUES (44, 15);
INSERT INTO ArbitrosEnPartidos (idArbitro, idPartido) VALUES (41, 16);
INSERT INTO ArbitrosEnPartidos (idArbitro, idPartido) VALUES (43, 17);
INSERT INTO ArbitrosEnPartidos (idArbitro, idPartido) VALUES (43, 18);
INSERT INTO ArbitrosEnPartidos (idArbitro, idPartido) VALUES (50, 19);
INSERT INTO ArbitrosEnPartidos (idArbitro, idPartido) VALUES (48, 20);
INSERT INTO ArbitrosEnPartidos (idArbitro, idPartido) VALUES (43, 21);
INSERT INTO ArbitrosEnPartidos (idArbitro, idPartido) VALUES (43, 22);
INSERT INTO ArbitrosEnPartidos (idArbitro, idPartido) VALUES (47, 23);

--Zonas
INSERT INTO Zonas (descripcion) VALUES ('Estacionamiento');
INSERT INTO Zonas (descripcion) VALUES ('Zona de juego');
INSERT INTO Zonas (descripcion) VALUES ('Zona de equipamiento');
INSERT INTO Zonas (descripcion) VALUES ('Zona Prensa');
INSERT INTO Zonas (descripcion) VALUES ('Zona Jugadores');
INSERT INTO Zonas (descripcion) VALUES ('Zona Médica');

--ZonasDelEstadio
INSERT INTO ZonasDelEstadio (idEstadio, idZona) VALUES (1, 1);
INSERT INTO ZonasDelEstadio (idEstadio, idZona) VALUES (1, 6);
INSERT INTO ZonasDelEstadio (idEstadio, idZona) VALUES (2, 2);
INSERT INTO ZonasDelEstadio (idEstadio, idZona) VALUES (2, 4);
INSERT INTO ZonasDelEstadio (idEstadio, idZona) VALUES (3, 1);
INSERT INTO ZonasDelEstadio (idEstadio, idZona) VALUES (3, 3);
INSERT INTO ZonasDelEstadio (idEstadio, idZona) VALUES (4, 2);
INSERT INTO ZonasDelEstadio (idEstadio, idZona) VALUES (4, 6);
INSERT INTO ZonasDelEstadio (idEstadio, idZona) VALUES (5, 5);
INSERT INTO ZonasDelEstadio (idEstadio, idZona) VALUES (5, 1);
INSERT INTO ZonasDelEstadio (idEstadio, idZona) VALUES (7, 2);

--guardias
INSERT INTO Guardias (idPersona, horarioTurno, idZonaEstadio) VALUES (51, '08:00:00', 1);
INSERT INTO Guardias (idPersona, horarioTurno, idZonaEstadio) VALUES (52, '10:00:00', 2);
INSERT INTO Guardias (idPersona, horarioTurno, idZonaEstadio) VALUES (53, '12:00:00', 3);
INSERT INTO Guardias (idPersona, horarioTurno, idZonaEstadio) VALUES (54, '14:00:00', 4);
INSERT INTO Guardias (idPersona, horarioTurno, idZonaEstadio) VALUES (55, '16:00:00', 5);
INSERT INTO Guardias (idPersona, horarioTurno, idZonaEstadio) VALUES (56, '18:00:00', 6);
INSERT INTO Guardias (idPersona, horarioTurno, idZonaEstadio) VALUES (57, '20:00:00', 7);
INSERT INTO Guardias (idPersona, horarioTurno, idZonaEstadio) VALUES (58, '22:00:00', 8);
INSERT INTO Guardias (idPersona, horarioTurno, idZonaEstadio) VALUES (59, '00:00:00', 9);
INSERT INTO Guardias (idPersona, horarioTurno, idZonaEstadio) VALUES (60, '02:00:00', 11);


--MedicosEnPartidos
INSERT INTO MedicosEnPartidos (idMedico, idPartido) VALUES (36, 1);
INSERT INTO MedicosEnPartidos (idMedico, idPartido) VALUES (37, 2);
INSERT INTO MedicosEnPartidos (idMedico, idPartido) VALUES (38, 3);
INSERT INTO MedicosEnPartidos (idMedico, idPartido) VALUES (39, 4);
INSERT INTO MedicosEnPartidos (idMedico, idPartido) VALUES (40, 5);
INSERT INTO MedicosEnPartidos (idMedico, idPartido) VALUES (37, 6);
INSERT INTO MedicosEnPartidos (idMedico, idPartido) VALUES (40, 7);
INSERT INTO MedicosEnPartidos (idMedico, idPartido) VALUES (39, 8);
INSERT INTO MedicosEnPartidos (idMedico, idPartido) VALUES (37, 9);
INSERT INTO MedicosEnPartidos (idMedico, idPartido) VALUES (38, 10);

--Categorías
INSERT INTO Categorías (tipo) VALUES ('Bebidas');
INSERT INTO Categorías (tipo) VALUES ('Comida');
INSERT INTO Categorías (tipo) VALUES ('Merchandising');
INSERT INTO Categorías (tipo) VALUES ('Equipamiento');
INSERT INTO Categorías (tipo) VALUES ('Ropa');
INSERT INTO Categorías (tipo) VALUES ('Accesorios');
INSERT INTO Categorías (tipo) VALUES ('Suplementos');
INSERT INTO Categorías (tipo) VALUES ('Entradas');
INSERT INTO Categorías (tipo) VALUES ('Libros');
INSERT INTO Categorías (tipo) VALUES ('Revistas');

--Productos
INSERT INTO Productos (nombre, precio, idCategoría) VALUES ('Agua', 1.5, 1);
INSERT INTO Productos (nombre, precio, idCategoría) VALUES ('Camiseta', 25.0, 5);
INSERT INTO Productos (nombre, precio, idCategoría) VALUES ('Raqueta', 100.0, 4);
INSERT INTO Productos (nombre, precio, idCategoría) VALUES ('Pelotas de tenis', 10.0, 4);
INSERT INTO Productos (nombre, precio, idCategoría) VALUES ('Gorra', 15.0, 6);
INSERT INTO Productos (nombre, precio, idCategoría) VALUES ('Hot Dog', 5.0, 2);
INSERT INTO Productos (nombre, precio, idCategoría) VALUES ('Bebida Energética', 3.0, 1);
INSERT INTO Productos (nombre, precio, idCategoría) VALUES ('Entradas VIP', 150.0, 8);
INSERT INTO Productos (nombre, precio, idCategoría) VALUES ('Entradas Generales', 50.0, 8);
INSERT INTO Productos (nombre, precio, idCategoría) VALUES ('Proteína en Polvo', 30.0, 7);

--ProductosEnEstadios
INSERT INTO ProductosEnEstadios (idEstadio, idProducto, cantidadesDisponibles) VALUES (1, 1, 100);
INSERT INTO ProductosEnEstadios (idEstadio, idProducto, cantidadesDisponibles) VALUES (1, 2, 50);
INSERT INTO ProductosEnEstadios (idEstadio, idProducto, cantidadesDisponibles) VALUES (2, 3, 30);
INSERT INTO ProductosEnEstadios (idEstadio, idProducto, cantidadesDisponibles) VALUES (2, 4, 75);
INSERT INTO ProductosEnEstadios (idEstadio, idProducto, cantidadesDisponibles) VALUES (3, 5, 20);
INSERT INTO ProductosEnEstadios (idEstadio, idProducto, cantidadesDisponibles) VALUES (3, 6, 100);
INSERT INTO ProductosEnEstadios (idEstadio, idProducto, cantidadesDisponibles) VALUES (4, 7, 80);
INSERT INTO ProductosEnEstadios (idEstadio, idProducto, cantidadesDisponibles) VALUES (4, 8, 10);
INSERT INTO ProductosEnEstadios (idEstadio, idProducto, cantidadesDisponibles) VALUES (5, 9, 100);
INSERT INTO ProductosEnEstadios (idEstadio, idProducto, cantidadesDisponibles) VALUES (5, 10, 50);

--Entrenadores
INSERT INTO Entrenadores (idPersona, año_inicio) VALUES (61, 2015);
INSERT INTO Entrenadores (idPersona, año_inicio) VALUES (62, 2014);
INSERT INTO Entrenadores (idPersona, año_inicio) VALUES (63, 2010);
INSERT INTO Entrenadores (idPersona, año_inicio) VALUES (64, 2009);
INSERT INTO Entrenadores (idPersona, año_inicio) VALUES (65, 2001);
INSERT INTO Entrenadores (idPersona, año_inicio) VALUES (66, 2007);
INSERT INTO Entrenadores (idPersona, año_inicio) VALUES (67, 2018);
INSERT INTO Entrenadores (idPersona, año_inicio) VALUES (68, 2006);
INSERT INTO Entrenadores (idPersona, año_inicio) VALUES (69, 2012);
INSERT INTO Entrenadores (idPersona, año_inicio) VALUES (70, 2014);

--EntrenadoresDeJugadores
INSERT INTO EntrenadoresDeJugadores (idJugador, idEntrenador) VALUES (1, 61);
INSERT INTO EntrenadoresDeJugadores (idJugador, idEntrenador) VALUES (2, 62);
INSERT INTO EntrenadoresDeJugadores (idJugador, idEntrenador) VALUES (29, 63);
INSERT INTO EntrenadoresDeJugadores (idJugador, idEntrenador) VALUES (35, 63);
INSERT INTO EntrenadoresDeJugadores (idJugador, idEntrenador) VALUES (26, 63);
INSERT INTO EntrenadoresDeJugadores (idJugador, idEntrenador) VALUES (8, 63);
INSERT INTO EntrenadoresDeJugadores (idJugador, idEntrenador) VALUES (4, 64);
INSERT INTO EntrenadoresDeJugadores (idJugador, idEntrenador) VALUES (25, 65);
INSERT INTO EntrenadoresDeJugadores (idJugador, idEntrenador) VALUES (10, 66);
INSERT INTO EntrenadoresDeJugadores (idJugador, idEntrenador) VALUES (11, 67);
INSERT INTO EntrenadoresDeJugadores (idJugador, idEntrenador) VALUES (15, 68);
INSERT INTO EntrenadoresDeJugadores (idJugador, idEntrenador) VALUES (19, 69);
INSERT INTO EntrenadoresDeJugadores (idJugador, idEntrenador) VALUES (34, 70);
INSERT INTO EntrenadoresDeJugadores (idJugador, idEntrenador) VALUES (94, 62);
INSERT INTO EntrenadoresDeJugadores (idJugador, idEntrenador) VALUES (95, 70);
INSERT INTO EntrenadoresDeJugadores (idJugador, idEntrenador) VALUES (96, 68);
INSERT INTO EntrenadoresDeJugadores (idJugador, idEntrenador) VALUES (97, 70);
INSERT INTO EntrenadoresDeJugadores (idJugador, idEntrenador) VALUES (98, 62);

--Reglas
INSERT INTO Reglas (descripción, fecha) VALUES ('Regla de desempate', '2023-01-01');
INSERT INTO Reglas (descripción, fecha) VALUES ('Regla de saque', '2023-01-02');
INSERT INTO Reglas (descripción, fecha) VALUES ('Regla de puntuación', '2023-01-03');
INSERT INTO Reglas (descripción, fecha) VALUES ('Regla de tiempo', '2023-01-04');
INSERT INTO Reglas (descripción, fecha) VALUES ('Regla de comportamiento', '2023-01-05');
INSERT INTO Reglas (descripción, fecha) VALUES ('Regla de equipamiento', '2023-01-06');
INSERT INTO Reglas (descripción, fecha) VALUES ('Regla de vestimenta', '2023-01-07');
INSERT INTO Reglas (descripción, fecha) VALUES ('Regla de sustitución', '2023-01-08');
INSERT INTO Reglas (descripción, fecha) VALUES ('Regla de descanso', '2023-01-09');
INSERT INTO Reglas (descripción, fecha) VALUES ('Regla de entrenador', '2023-01-10');

--ReglasDelTorneo
INSERT INTO ReglasDelTorneo (idRegla, idEdicion_torneo) VALUES (1, 6);
INSERT INTO ReglasDelTorneo (idRegla, idEdicion_torneo) VALUES (2, 6);
INSERT INTO ReglasDelTorneo (idRegla, idEdicion_torneo) VALUES (3, 6);
INSERT INTO ReglasDelTorneo (idRegla, idEdicion_torneo) VALUES (4, 6);
INSERT INTO ReglasDelTorneo (idRegla, idEdicion_torneo) VALUES (5, 6);
INSERT INTO ReglasDelTorneo (idRegla, idEdicion_torneo) VALUES (6, 6);
INSERT INTO ReglasDelTorneo (idRegla, idEdicion_torneo) VALUES (7, 6);
INSERT INTO ReglasDelTorneo (idRegla, idEdicion_torneo) VALUES (8, 6);
INSERT INTO ReglasDelTorneo (idRegla, idEdicion_torneo) VALUES (9, 6);
INSERT INTO ReglasDelTorneo (idRegla, idEdicion_torneo) VALUES (10, 6);

--Campeones 
INSERT INTO Campeones (idJugadorMasculino, idJugadorFemenino, idEdicionTorneo) VALUES (1, 10, 1);
INSERT INTO Campeones (idJugadorMasculino, idJugadorFemenino, idEdicionTorneo) VALUES (1, 10, 2);
INSERT INTO Campeones (idJugadorMasculino, idJugadorFemenino, idEdicionTorneo) VALUES (1, 12, 3);
INSERT INTO Campeones (idJugadorMasculino, idJugadorFemenino, idEdicionTorneo) VALUES (4, 15, 4);
INSERT INTO Campeones (idJugadorMasculino, idJugadorFemenino, idEdicionTorneo) VALUES (1, 11, 5);
INSERT INTO Campeones (idJugadorMasculino, idJugadorFemenino, idEdicionTorneo) VALUES (28, 13, 7);
INSERT INTO Campeones (idJugadorMasculino, idJugadorFemenino, idEdicionTorneo) VALUES (1, 14, 8);
INSERT INTO Campeones (idJugadorMasculino, idJugadorFemenino, idEdicionTorneo) VALUES (1, 10, 9);
INSERT INTO Campeones (idJugadorMasculino, idJugadorFemenino, idEdicionTorneo) VALUES (20, 19, 10);

--TipoPatrocinadores
INSERT INTO TipoPatrocinadores (tipo) VALUES ('Socio principal');
INSERT INTO TipoPatrocinadores (tipo) VALUES ('Socio premium');
INSERT INTO TipoPatrocinadores (tipo) VALUES ('Socio oficial');
INSERT INTO TipoPatrocinadores (tipo) VALUES ('Proovedor oficial');

--Patrocinadores
INSERT INTO Patrocinadores (nombre, idTipo) VALUES ('Bnp paribas', 1);
INSERT INTO Patrocinadores (nombre, idTipo) VALUES ('Emirates', 2);
INSERT INTO Patrocinadores (nombre, idTipo) VALUES ('Lacoste', 2);
INSERT INTO Patrocinadores (nombre, idTipo) VALUES ('Renault', 2);
INSERT INTO Patrocinadores (nombre, idTipo) VALUES ('Rolex', 2);
INSERT INTO Patrocinadores (nombre, idTipo) VALUES ('All.Accor', 3);
INSERT INTO Patrocinadores (nombre, idTipo) VALUES ('Engie', 3);
INSERT INTO Patrocinadores (nombre, idTipo) VALUES ('Haier', 3);
INSERT INTO Patrocinadores (nombre, idTipo) VALUES ('Infosys', 3);
INSERT INTO Patrocinadores (nombre, idTipo) VALUES ('Priceless', 3);
INSERT INTO Patrocinadores (nombre, idTipo) VALUES ('Nestle', 3);
INSERT INTO Patrocinadores (nombre, idTipo) VALUES ('Wilson', 3);
INSERT INTO Patrocinadores (nombre, idTipo) VALUES ('Adecco', 4);
INSERT INTO Patrocinadores (nombre, idTipo) VALUES ('Hesperide', 4);
INSERT INTO Patrocinadores (nombre, idTipo) VALUES ('Isdin', 4);
INSERT INTO Patrocinadores (nombre, idTipo) VALUES ('JCDecaux', 4);
INSERT INTO Patrocinadores (nombre, idTipo) VALUES ('Lavazza', 4);
INSERT INTO Patrocinadores (nombre, idTipo) VALUES ('Magnum', 4);
INSERT INTO Patrocinadores (nombre, idTipo) VALUES ('LVMH', 4);
INSERT INTO Patrocinadores (nombre, idTipo) VALUES ('Orange', 4);
INSERT INTO Patrocinadores (nombre, idTipo) VALUES ('Potel&Chabot', 4);
INSERT INTO Patrocinadores (nombre, idTipo) VALUES ('Stella Artois', 4);

--PatrocinadoresDelTorneo
INSERT INTO PatrocinadoresDelTorneo (idEdicionTorneo, idPatrocinador) VALUES (1, 1);
INSERT INTO PatrocinadoresDelTorneo (idEdicionTorneo, idPatrocinador) VALUES (1, 2);
INSERT INTO PatrocinadoresDelTorneo (idEdicionTorneo, idPatrocinador) VALUES (2, 3);
INSERT INTO PatrocinadoresDelTorneo (idEdicionTorneo, idPatrocinador) VALUES (2, 4);
INSERT INTO PatrocinadoresDelTorneo (idEdicionTorneo, idPatrocinador) VALUES (3, 5);
INSERT INTO PatrocinadoresDelTorneo (idEdicionTorneo, idPatrocinador) VALUES (3, 6);
INSERT INTO PatrocinadoresDelTorneo (idEdicionTorneo, idPatrocinador) VALUES (4, 7);
INSERT INTO PatrocinadoresDelTorneo (idEdicionTorneo, idPatrocinador) VALUES (4, 8);
INSERT INTO PatrocinadoresDelTorneo (idEdicionTorneo, idPatrocinador) VALUES (5, 9);
INSERT INTO PatrocinadoresDelTorneo (idEdicionTorneo, idPatrocinador) VALUES (6, 10);
INSERT INTO PatrocinadoresDelTorneo (idEdicionTorneo, idPatrocinador) VALUES (11, 10);
INSERT INTO PatrocinadoresDelTorneo (idEdicionTorneo, idPatrocinador) VALUES (4, 10);
INSERT INTO PatrocinadoresDelTorneo (idEdicionTorneo, idPatrocinador) VALUES (3, 10);
INSERT INTO PatrocinadoresDelTorneo (idEdicionTorneo, idPatrocinador) VALUES (11, 5);
INSERT INTO PatrocinadoresDelTorneo (idEdicionTorneo, idPatrocinador) VALUES (6, 5);
INSERT INTO PatrocinadoresDelTorneo (idEdicionTorneo, idPatrocinador) VALUES (4, 5);


--ClasificacionesDeLesiones
INSERT INTO ClasificacionesDeLesiones (tipo) VALUES ('Lesión muscular');
INSERT INTO ClasificacionesDeLesiones (tipo) VALUES ('Fractura');
INSERT INTO ClasificacionesDeLesiones (tipo) VALUES ('Esguince');
INSERT INTO ClasificacionesDeLesiones (tipo) VALUES ('Desgarro');
INSERT INTO ClasificacionesDeLesiones (tipo) VALUES ('Contusión');
INSERT INTO ClasificacionesDeLesiones (tipo) VALUES ('Luxación');
INSERT INTO ClasificacionesDeLesiones (tipo) VALUES ('Tendinitis');
INSERT INTO ClasificacionesDeLesiones (tipo) VALUES ('Calambres');
INSERT INTO ClasificacionesDeLesiones (tipo) VALUES ('Hernia');
INSERT INTO ClasificacionesDeLesiones (tipo) VALUES ('Contractura');

--Lesiones
INSERT INTO Lesiones (idJugador, idPartido, idMedico, idClasificacion) VALUES (1, 1, 36, 1);
INSERT INTO Lesiones (idJugador, idPartido, idMedico, idClasificacion) VALUES (2, 2, 37, 2);
INSERT INTO Lesiones (idJugador, idPartido, idMedico, idClasificacion) VALUES (3, 3, 38, 3);
INSERT INTO Lesiones (idJugador, idPartido, idMedico, idClasificacion) VALUES (4, 4, 39, 4);
INSERT INTO Lesiones (idJugador, idPartido, idMedico, idClasificacion) VALUES (5, 5, 40, 5);
INSERT INTO Lesiones (idJugador, idPartido, idMedico, idClasificacion) VALUES (6, 6, 39, 6);
INSERT INTO Lesiones (idJugador, idPartido, idMedico, idClasificacion) VALUES (7, 7, 36, 7);
INSERT INTO Lesiones (idJugador, idPartido, idMedico, idClasificacion) VALUES (8, 8, 37, 8);
INSERT INTO Lesiones (idJugador, idPartido, idMedico, idClasificacion) VALUES (9, 9, 40, 9);
INSERT INTO Lesiones (idJugador, idPartido, idMedico, idClasificacion) VALUES (10, 10, 38, 10);

--Periodistas
INSERT INTO Periodistas (idPersona) VALUES (71);
INSERT INTO Periodistas (idPersona) VALUES (72);
INSERT INTO Periodistas (idPersona) VALUES (73);
INSERT INTO Periodistas (idPersona) VALUES (74);
INSERT INTO Periodistas (idPersona) VALUES (75);
INSERT INTO Periodistas (idPersona) VALUES (76);
INSERT INTO Periodistas (idPersona) VALUES (77);
INSERT INTO Periodistas (idPersona) VALUES (78);
INSERT INTO Periodistas (idPersona) VALUES (79);
INSERT INTO Periodistas (idPersona) VALUES (80);

--Canales 
INSERT INTO Canales (nombre) VALUES ('France.tv');
INSERT INTO Canales (nombre) VALUES ('Prime video');
INSERT INTO Canales (nombre) VALUES ('Eurosport');
INSERT INTO Canales (nombre) VALUES ('Servustv');
INSERT INTO Canales (nombre) VALUES ('rtbf.be');
INSERT INTO Canales (nombre) VALUES ('srgssr');
INSERT INTO Canales (nombre) VALUES ('NBC');
INSERT INTO Canales (nombre) VALUES ('Peacocktv');
INSERT INTO Canales (nombre) VALUES ('Tennis.com');
INSERT INTO Canales (nombre) VALUES ('Live tennis');
INSERT INTO Canales (nombre) VALUES ('Bally sports');
INSERT INTO Canales (nombre) VALUES ('RDS');
INSERT INTO Canales (nombre) VALUES ('TSN');
INSERT INTO Canales (nombre) VALUES ('ESPN');
INSERT INTO Canales (nombre) VALUES ('Bein');
INSERT INTO Canales (nombre) VALUES ('Super sport');
INSERT INTO Canales (nombre) VALUES ('Canal+');
INSERT INTO Canales (nombre) VALUES ('CMG');
INSERT INTO Canales (nombre) VALUES ('Ssports');
INSERT INTO Canales (nombre) VALUES ('Eltaott');
INSERT INTO Canales (nombre) VALUES ('Vtvcab');
INSERT INTO Canales (nombre) VALUES ('wowow');
INSERT INTO Canales (nombre) VALUES ('Sony ten');
INSERT INTO Canales (nombre) VALUES ('Nine');
INSERT INTO Canales (nombre) VALUES ('Stan');
INSERT INTO Canales (nombre) VALUES ('Sky');
INSERT INTO Canales (nombre) VALUES ('Cjenm');

--CanalesEnPaises
INSERT INTO CanalesEnPaises (idPais, idCanal) VALUES (5, 1);
INSERT INTO CanalesEnPaises (idPais, idCanal) VALUES (5, 2);
INSERT INTO CanalesEnPaises (idPais, idCanal) VALUES (2, 3);
INSERT INTO CanalesEnPaises (idPais, idCanal) VALUES (7, 3);
INSERT INTO CanalesEnPaises (idPais, idCanal) VALUES (26, 3);
INSERT INTO CanalesEnPaises (idPais, idCanal) VALUES (9, 3);
INSERT INTO CanalesEnPaises (idPais, idCanal) VALUES (32, 4);
INSERT INTO CanalesEnPaises (idPais, idCanal) VALUES (27, 5);
INSERT INTO CanalesEnPaises (idPais, idCanal) VALUES (33, 6);
INSERT INTO CanalesEnPaises (idPais, idCanal) VALUES (4, 7),
														(4,8),
														(4,9),
														(4,10),
														(4,11),
														(25,12),
														(25,13),
														(1,14),
														(6,14),
														(19,15),
														(34,16),
														(34,17),
														(18,15),
														(18,18),
														(18,19),
														(35,20),
														(36,21),
														(37,22),
														(38,23),
														(10,24),
														(10,25),
														(39,26),
														(40,27);
																									
--Noticias
INSERT INTO Noticias (fecha, título, idPeriodista, idCanal) VALUES ('2023-05-01', 'El gran torneo de tenis', 71, 1);
INSERT INTO Noticias (fecha, título, idPeriodista, idCanal) VALUES ('2023-05-02', 'Resultados del día', 72, 2);
INSERT INTO Noticias (fecha, título, idPeriodista, idCanal) VALUES ('2023-05-03', 'Entrevista con el campeón', 73, 22);
INSERT INTO Noticias (fecha, título, idPeriodista, idCanal) VALUES ('2023-05-04', 'Análisis de los partidos', 74, 4);
INSERT INTO Noticias (fecha, título, idPeriodista, idCanal) VALUES ('2023-05-05', 'Lesiones en el torneo', 75, 5);
INSERT INTO Noticias (fecha, título, idPeriodista, idCanal) VALUES ('2023-05-06', 'Los mejores momentos', 76, 16);
INSERT INTO Noticias (fecha, título, idPeriodista, idCanal) VALUES ('2023-05-07', 'Historias de los jugadores', 77, 7);
INSERT INTO Noticias (fecha, título, idPeriodista, idCanal) VALUES ('2023-05-08', 'El futuro del tenis', 78, 8);
INSERT INTO Noticias (fecha, título, idPeriodista, idCanal) VALUES ('2023-05-09', 'Datos y estadísticas', 79, 9);
INSERT INTO Noticias (fecha, título, idPeriodista, idCanal) VALUES ('2023-05-10', 'Resumen del torneo', 80, 27);
